{"9.4": 0.0, "9.8": 1.0, "10.0": 2.0, "9.5": 3.0, "10.5": 4.0, "9.2": 5.0, "9.9": 6.0, "9.1": 7.0, "9.3": 8.0, "9.0": 9.0, "9.7": 10.0, "10.1": 11.0, "10.6": 12.0, "9.6": 13.0, "10.8": 14.0, "10.3": 15.0, "13.1": 16.0, "10.2": 17.0, "10.9": 18.0, "10.7": 19.0, "12.9": 20.0, "10.4": 21.0, "13.0": 22.0, "14.0": 23.0, "11.5": 24.0, "11.4": 25.0, "12.4": 26.0, "11.0": 27.0, "12.2": 28.0, "12.8": 29.0, "12.6": 30.0, "12.5": 31.0, "11.7": 32.0, "11.3": 33.0, "12.3": 34.0, "12.0": 35.0, "11.9": 36.0, "11.8": 37.0, "8.7": 38.0, "13.3": 39.0, "11.2": 40.0, "11.6": 41.0, "11.1": 42.0, "13.4": 43.0, "12.1": 44.0, "8.4": 45.0, "12.7": 46.0, "14.9": 47.0, "13.2": 48.0, "13.6": 49.0, "13.5": 50.0, "10.0333333333333": 51.0, "9.55": 52.0, "8.5": 53.0, "11.0666666666667": 54.0, "9.56666666666667": 55.0, "10.55": 56.0, "8.8": 57.0, "13.5666666666667": 58.0, "11.95": 59.0, "9.95": 60.0, "9.23333333333333": 61.0, "9.25": 62.0, "9.05": 63.0, "10.75": 64.0}