{"0.9978": 0.0, "0.9968": 1.0, "0.997": 2.0, "0.998": 3.0, "0.9964": 4.0, "0.9946": 5.0, "0.9959": 6.0, "0.9943": 7.0, "0.9974": 8.0, "0.9986": 9.0, "0.9969": 10.0, "0.9982": 11.0, "0.9966": 12.0, "0.9955": 13.0, "0.9962": 14.0, "0.9972": 15.0, "0.9958": 16.0, "0.9993": 17.0, "0.9957": 18.0, "0.9975": 19.0, "0.994": 20.0, "0.9976": 21.0, "0.9934": 22.0, "0.9954": 23.0, "0.9971": 24.0, "0.9956": 25.0, "0.9983": 26.0, "0.9967": 27.0, "0.9961": 28.0, "0.9984": 29.0, "0.9938": 30.0, "0.9932": 31.0, "0.9965": 32.0, "0.9963": 33.0, "0.996": 34.0, "0.9973": 35.0, "0.9988": 36.0, "0.9937": 37.0, "0.9952": 38.0, "0.9916": 39.0, "0.9944": 40.0, "0.9996": 41.0, "0.995": 42.0, "0.9981": 43.0, "0.9953": 44.0, "0.9924": 45.0, "0.9948": 46.0, "0.99695": 47.0, "0.99545": 48.0, "0.99615": 49.0, "0.9994": 50.0, "0.99625": 51.0, "0.99585": 52.0, "0.99685": 53.0, "0.99655": 54.0, "0.99525": 55.0, "0.99815": 56.0, "0.99745": 57.0, "0.9927": 58.0, "0.99675": 59.0, "0.99925": 60.0, "0.99565": 61.0, "1.00005": 62.0, "0.9985": 63.0, "0.99965": 64.0, "0.99575": 65.0, "0.9999": 66.0, "1.00025": 67.0, "0.9987": 68.0, "0.99935": 69.0, "0.99735": 70.0, "0.99915": 71.0, "0.9991": 72.0, "1.00015": 73.0, "0.9997": 74.0, "1.001": 75.0, "0.9979": 76.0, "1.0014": 77.0, "1.0001": 78.0, "0.99855": 79.0, "0.99845": 80.0, "0.9998": 81.0, "0.99645": 82.0, "0.99865": 83.0, "0.9989": 84.0, "0.99975": 85.0, "0.999": 86.0, "1.0015": 87.0, "1.0002": 88.0, "0.9992": 89.0, "1.0008": 90.0, "1.0": 91.0, "1.0006": 92.0, "1.0004": 93.0, "1.0018": 94.0, "0.9912": 95.0, "1.0022": 96.0, "1.0003": 97.0, "0.9949": 98.0, "0.9951": 99.0, "1.0032": 100.0, "0.9947": 101.0, "0.9995": 102.0, "0.9977": 103.0, "1.0026": 104.0, "1.00315": 105.0, "1.0021": 106.0, "0.9917": 107.0, "0.9922": 108.0, "0.9921": 109.0, "0.99788": 110.0, "1.00024": 111.0, "0.99768": 112.0, "0.99782": 113.0, "0.99761": 114.0, "0.99803": 115.0, "0.99785": 116.0, "0.99656": 117.0, "0.99488": 118.0, "0.99823": 119.0, "0.99779": 120.0, "0.99738": 121.0, "0.99701": 122.0, "0.99888": 123.0, "0.99938": 124.0, "0.99744": 125.0, "0.99668": 126.0, "0.99727": 127.0, "0.99586": 128.0, "0.99612": 129.0, "0.99676": 130.0, "0.99732": 131.0, "0.99814": 132.0, "0.99746": 133.0, "0.99708": 134.0, "0.99818": 135.0, "0.99639": 136.0, "0.99531": 137.0, "0.99786": 138.0, "0.99526": 139.0, "0.99641": 140.0, "0.99264": 141.0, "0.99682": 142.0, "0.99356": 143.0, "0.99386": 144.0, "0.99702": 145.0, "0.99693": 146.0, "0.99562": 147.0, "1.00012": 148.0, "0.99462": 149.0, "0.99939": 150.0, "0.99632": 151.0, "0.99976": 152.0, "0.99606": 153.0, "0.99154": 154.0, "0.99624": 155.0, "0.99417": 156.0, "0.99376": 157.0, "0.99832": 158.0, "0.99836": 159.0, "0.99694": 160.0, "0.99064": 161.0, "0.99672": 162.0, "0.99647": 163.0, "0.99736": 164.0, "0.99629": 165.0, "0.99689": 166.0, "0.99801": 167.0, "0.99652": 168.0, "0.99538": 169.0, "0.99594": 170.0, "0.99686": 171.0, "0.99438": 172.0, "0.99357": 173.0, "0.99628": 174.0, "0.99748": 175.0, "0.99578": 176.0, "0.99371": 177.0, "0.99522": 178.0, "0.99576": 179.0, "0.99552": 180.0, "0.99664": 181.0, "0.99614": 182.0, "0.99517": 183.0, "0.99787": 184.0, "0.99533": 185.0, "0.99536": 186.0, "0.99824": 187.0, "0.99577": 188.0, "0.99491": 189.0, "1.00289": 190.0, "0.99743": 191.0, "0.99774": 192.0, "0.99444": 193.0, "0.99892": 194.0, "0.99528": 195.0, "0.99331": 196.0, "0.99901": 197.0, "0.99674": 198.0, "0.99512": 199.0, "0.99395": 200.0, "0.99504": 201.0, "0.99516": 202.0, "0.99604": 203.0, "0.99468": 204.0, "0.99543": 205.0, "0.99791": 206.0, "0.99425": 207.0, "0.99509": 208.0, "0.99484": 209.0, "0.99834": 210.0, "0.99864": 211.0, "0.99498": 212.0, "0.99566": 213.0, "0.99408": 214.0, "0.99458": 215.0, "0.99648": 216.0, "0.99568": 217.0, "0.99613": 218.0, "0.99519": 219.0, "0.99518": 220.0, "0.99592": 221.0, "0.99654": 222.0, "0.99546": 223.0, "0.99554": 224.0, "0.99733": 225.0, "0.99669": 226.0, "0.99724": 227.0, "0.99643": 228.0, "0.99605": 229.0, "0.99658": 230.0, "0.99416": 231.0, "0.99712": 232.0, "0.99418": 233.0, "0.99596": 234.0, "0.99556": 235.0, "0.99918": 236.0, "0.99697": 237.0, "0.99378": 238.0, "0.99162": 239.0, "0.99495": 240.0, "0.9928": 241.0, "0.99603": 242.0, "0.99549": 243.0, "0.99722": 244.0, "0.99354": 245.0, "0.99635": 246.0, "0.99454": 247.0, "0.99598": 248.0, "0.99486": 249.0, "0.99007": 250.0, "0.99636": 251.0, "0.99642": 252.0, "0.99584": 253.0, "0.99506": 254.0, "0.99822": 255.0, "0.99364": 256.0, "0.99514": 257.0, "0.99854": 258.0, "0.99739": 259.0, "0.99683": 260.0, "0.99692": 261.0, "0.99756": 262.0, "0.99547": 263.0, "0.99859": 264.0, "0.99294": 265.0, "0.99634": 266.0, "0.99704": 267.0, "0.99258": 268.0, "0.99426": 269.0, "0.99747": 270.0, "0.99784": 271.0, "0.99358": 272.0, "0.99572": 273.0, "0.99769": 274.0, "0.99534": 275.0, "0.99817": 276.0, "0.99316": 277.0, "0.99471": 278.0, "0.99617": 279.0, "0.99529": 280.0, "0.99451": 281.0, "0.99479": 282.0, "0.99772": 283.0, "0.99666": 284.0, "0.99392": 285.0, "0.99388": 286.0, "0.99402": 287.0, "0.9936": 288.0, "0.99374": 289.0, "0.99523": 290.0, "0.99593": 291.0, "0.99396": 292.0, "0.99698": 293.0, "0.9902": 294.0, "0.99252": 295.0, "0.99256": 296.0, "0.99235": 297.0, "0.99352": 298.0, "0.99557": 299.0, "0.99394": 300.0, "0.9915": 301.0, "0.99379": 302.0, "0.99798": 303.0, "0.99341": 304.0, "0.9933": 305.0, "0.99684": 306.0, "0.99524": 307.0, "0.99764": 308.0, "0.99588": 309.0, "0.99473": 310.0, "0.99616": 311.0, "0.99622": 312.0, "0.99544": 313.0, "0.99728": 314.0, "0.99551": 315.0, "0.99434": 316.0, "0.99709": 317.0, "0.99384": 318.0, "0.99502": 319.0, "0.99667": 320.0, "0.99649": 321.0, "0.99716": 322.0, "0.99541": 323.0, "0.99318": 324.0, "0.99346": 325.0, "0.99599": 326.0, "0.99478": 327.0, "0.99754": 328.0, "0.99439": 329.0, "0.99633": 330.0, "0.99419": 331.0, "0.99878": 332.0, "0.99752": 333.0, "0.99428": 334.0, "0.99659": 335.0, "0.99677": 336.0, "0.99734": 337.0, "0.99678": 338.0, "0.99638": 339.0, "0.99922": 340.0, "0.99157": 341.0, "0.99718": 342.0, "0.99621": 343.0, "0.99242": 344.0, "0.99494": 345.0, "0.99729": 346.0, "0.99414": 347.0, "0.99721": 348.0, "0.99627": 349.0, "0.99569": 350.0, "0.99499": 351.0, "0.99437": 352.0, "0.99726": 353.0, "0.99456": 354.0, "0.99564": 355.0, "0.9908": 356.0, "0.99084": 357.0, "0.9935": 358.0, "0.99385": 359.0, "0.99688": 360.0, "0.99619": 361.0, "0.99476": 362.0, "0.99328": 363.0, "0.99286": 364.0, "0.99914": 365.0, "0.99521": 366.0, "0.99362": 367.0, "0.99558": 368.0, "0.99323": 369.0, "0.99191": 370.0, "0.99501": 371.0, "0.9929": 372.0, "0.99532": 373.0, "0.99796": 374.0, "0.99581": 375.0, "0.99608": 376.0, "0.99387": 377.0, "0.99448": 378.0, "0.99589": 379.0, "0.99852": 380.0, "0.99472": 381.0, "0.99587": 382.0, "0.99332": 383.0, "0.99464": 384.0, "0.99699": 385.0, "0.99725": 386.0, "0.99623": 387.0, "0.99609": 388.0, "0.99292": 389.0, "0.9942": 390.0, "1.00369": 391.0, "0.99713": 392.0, "0.99322": 393.0, "0.99706": 394.0, "0.99974": 395.0, "0.99467": 396.0, "0.99236": 397.0, "0.99705": 398.0, "0.99334": 399.0, "0.99336": 400.0, "1.00242": 401.0, "0.99182": 402.0, "0.99808": 403.0, "0.99828": 404.0, "0.99719": 405.0, "0.99542": 406.0, "0.99496": 407.0, "0.99344": 408.0, "0.99348": 409.0, "0.99459": 410.0, "0.99492": 411.0, "0.99508": 412.0, "0.99582": 413.0, "0.99555": 414.0, "0.9941": 415.0, "0.99661": 416.0, "0.99842": 417.0, "0.99489": 418.0, "0.99665": 419.0, "0.99553": 420.0, "0.99714": 421.0, "0.99631": 422.0, "0.99573": 423.0, "0.99717": 424.0, "0.99397": 425.0, "0.99646": 426.0, "0.99758": 427.0, "0.99306": 428.0, "0.99783": 429.0, "0.99765": 430.0, "0.99474": 431.0, "0.99483": 432.0, "0.99314": 433.0, "0.99574": 434.0, "0.99651": 435.0}